,Year,Total Population,Total Migration,Employable Civilians,Employed Civilians,Employed Rate (%),Unemployed Civilians,Median Household Income,Per Capita Income
0,2016,318558162,7282348,159807099,148001326,46.45975010365611,11805773,55322,29829
1,2017,321004407,7354769,161159470,150599165,46.91498363136179,10560305,57652,31177
2,2018,322903030,7443306,162248196,152739884,47.302090661707325,9508312,60293,32621
3,2019,324697795,7475038,163555585,154842185,47.688092553877674,8713400,62843,34103
4,2020,326569308,7428810,164759496,155888980,47.73534321235111,8870516,64994,35384
5,2021,329725481,7497058,166672597,157510982,47.7703395934996,9161615,69021,37638
