,Year,Total Population,Total Migration,Employable Civilians,Employed Civilians,Employed Rate (%),Unemployed Civilians,Median Household Income,Per Capita Income
0,2016,318558162,314813229,159807099,148001326,92.61248525636525,11805773,55322,29829
1,2017,321004407,317248555,161159470,150599165,93.4472947819945,10560305,57652,31177
2,2018,322903030,319157088,162248196,152739884,94.13965009509259,9508312,60293,32621
3,2019,324697795,320984519,163555585,154842185,94.67251454604867,8713400,62843,34103
4,2020,326569308,322943283,164759496,155888980,94.61608209823609,8870516,64994,35384
5,2021,329725481,326169561,166672597,157510982,94.50322658619162,9161615,69021,37638
